;Nome;Classe;Bolsa / Fonte;Tipo de Ativo;"Ativo /
Cancelado";Código;"Participação
no Ibovespa

em %";"Segmento listagem
Bovespa";Subsetor Bovespa;"Data da
Últ Cotação";"Valor de
Mercado
Atual
em milhares";"Valor de
Mercado
1 ano atrás
em milhares";"Variação
Valor de Merc
em 1 ano
em milhares";"Enterprise
Value

em milhares";"Fechamento


em R$";"Máximo do
Fechamento
52 semanas
em R$";"Fechamento vs
Máx 52 sem

em %";"Data do
Máximo de
52 semanas";"Volume
no dia

em milhares";"Volume Médio
diário
3 meses
em milhares";"Volume vs
Média 3 meses

em %";"Negócios
no dia

em unidades";"Negócios Médio
diário
3 meses
em unidades";"Negócios vs
Média 3 meses

em %";"Retorno
1 dia

em %";"Prêmio vs
Ibovespa
1 dia
em dif p.p.";"Retorno
1 mês

em %";"Prêmio vs
Ibovespa
1 mês
em dif p.p.";"Retorno
12 meses

em %";"Prêmio vs
Ibovespa
12 meses
em dif p.p.";"Retorno
36 meses

em %";"Prêmio vs
Ibovespa
36 meses
em dif p.p.";"Retorno
60 meses

em %";"Prêmio vs
Ibovespa
60 meses
em dif p.p.";"Retorno
no Ano

em %";"Prêmio vs
Ibovespa
no Ano
em dif p.p.";"Volatilidade
12 meses

em %";"VAR 95%
p/ 1 dia
(últ. 12 meses)
em %";"Máx Retorno
Mensal
(últ. 12 meses)
em %";"Míx Retorno
Mensal
(últ. 12 meses)
em %";"Meses acima
do Ibovespa
(últ. 12 meses)
em unidades";"Dias acima
do Ibovespa
(últ. 12 meses)
em %";"Sharpe
12 meses

em unidades";"Correlação
60 meses
vs IBOV";"Beta
60 meses
vs IBOV";"Dividend Yield
12 meses

em %";"Dividendos e
JCP por ação
12 meses
em R$";"P / VPA


em vezes";"Preço / Lucro
12 meses

em vezes";"Preço / Vendas
12 meses

em vezes";"EV vs
EBITDA
12 meses
em vezes";"Data do
Último
Balanço";Consolidado;"Link da
Última
Nota
Explicativa";"Dívida
Bruta

em milhares";"Dívida
Líquida

em milhares";"Caixa


em milhares";"EBIT vs
Dívida Bruta
12 meses
em %";"Dívida Líquida
vs EBITDA
12 meses
em vezes";"ROE
12 meses

em %";"ROA
12 meses

em %";"Lucro Líquido
12 meses

em %";"Lucro p/ Ação
12 meses

em R$";"Valor Patrimonial
p/ Ação

em R$";"Margem Bruta
12 meses

em %";"Margem Líquida
12 meses

em %";"EBITDA
12 meses

em milhares";"Margem EBITDA
12 meses

em %";"Capex vs
Depreciação
12 meses
em %"
1;Vale;ON;Bovespa;Ação;ativo;VALE3;14,45;Novo Mercado;Mineração;14/12/2023;315.829.484;394.705.733;-78.876.249;373.445.484;73,4;90,29960093;81,28;26/01/2023;2.169.405;1.669.426;129,95;64.399;51.505;125,03;0,55;-0,52;2,79;-3,44;-8,32;-34,44;22,91;8,75;115,84;66,22;-10,37;-29,61;26,26;2,72;10,33;-11,86;5;45,60;-0,62;0,43;0,49;6,99;6,077779494;1,66;6,88;1,58;4,67;30/09/2023;Sim;https://www.rad.cvm.gov.br/enet/frmGerenciaPaginaFRE.aspx?CodigoTipoInstituicao=1&NumeroSequencialDocumento=131627;70.289.000;50.121.000;20.168.000;91,2;0,63;24,98;10,80;47.517.000;10,67444365;44,19671223;40,12;23,32;79.904.000;38,7;179,58
2;Petrobras;PN;Bovespa;Ação;ativo;PETR4;7,06;Nível 2;Petróleo gás e biocombustíveis;14/12/2023;474.590.706;301.046.094;173.544.613;714.377.706;35,32;37,10019765;95,20;18/10/2023;2.045.180;1.768.950;115,62;82.572;70.446;117,21;2,17;1,11;1,36;-4,87;112,17;86,05;246,90;232,74;343,87;294,25;85,93;66,70;32,87;3,40;20,46;-7,09;9;55,60;3,01;0,80;1,37;33,76;7,24779041;1,19;3,37;0,86;2,61;30/09/2023;Sim;https://www.rad.cvm.gov.br/enet/frmGerenciaPaginaFRE.aspx?CodigoTipoInstituicao=1&NumeroSequencialDocumento=132143;305.451.000;238.304.000;67.147.000;67,9;0,87;36,11;13,41;136.904.000;10,49545492;29,65756378;51,08;25,64;273.207.000;50,9;58,56
3;ItauUnibanco;PN;Bovespa;Ação;ativo;ITUB4;7,00;Nível 1;Intermediários financeiros;14/12/2023;298.668.788;213.436.882;85.231.906;-;32,87;32,87;100,00;14/12/2023;1.395.278;729.999;191,13;63.424;39.250;161,59;0,83;-0,24;11,12;4,89;47,81;21,69;45,70;31,54;42,67;-6,95;37,70;18,46;23,50;2,44;17,86;-4,17;8;53,60;1,46;0,82;0,98;5,40;1,25664;1,85;10,21;-;-;30/09/2023;Sim;https://www.rad.cvm.gov.br/enet/frmGerenciaPaginaFRE.aspx?CodigoTipoInstituicao=1&NumeroSequencialDocumento=131805;-;-;-;-;-;18,49;1,20;31.552.000;3,219487284;17,7541702;21,72;11,74;-;-;-
4;Petrobras;ON;Bovespa;Ação;ativo;PETR3;4,22;Nível 2;Petróleo gás e biocombustíveis;14/12/2023;474.590.706;301.046.094;173.544.613;714.377.706;37,32;40,12634251;93,01;18/10/2023;521.346;449.296;116,04;22.494;19.152;117,45;2,33;1,27;-0,12;-6,35;93,48;67,36;236,47;222,31;266,85;217,23;67,60;48,37;33,55;3,47;19,96;-7,86;9;54,40;2,43;0,78;1,45;29,84;7,24779041;1,26;3,56;0,91;2,61;30/09/2023;Sim;https://www.rad.cvm.gov.br/enet/frmGerenciaPaginaFRE.aspx?CodigoTipoInstituicao=1&NumeroSequencialDocumento=132143;305.451.000;238.304.000;67.147.000;67,9;0,87;36,11;13,41;136.904.000;10,49545492;29,65756378;51,08;25,64;273.207.000;50,9;58,56
5;Bradesco;PN;Bovespa;Ação;ativo;BBDC4;3,90;Nível 1;Intermediários financeiros;14/12/2023;173.236.658;141.211.058;32.025.600;-;17,25;17,25;100,00;14/12/2023;1.083.588;583.713;185,64;144.750;44.166;327,74;1,71;0,65;14,75;8,52;31,67;5,56;-8,45;-22,61;-9,11;-58,73;21,77;2,53;30,12;3,11;16,45;-10,16;7;50,40;0,73;0,84;1,17;7,19;1,008000366;1,14;12,36;-;-;30/09/2023;Sim;https://www.rad.cvm.gov.br/enet/frmGerenciaPaginaFRE.aspx?CodigoTipoInstituicao=1&NumeroSequencialDocumento=129717;-;-;-;-;-;9,46;0,80;14.855.254;1,395352367;15,10976388;16,94;7,67;-;-;-
6;Eletrobras;ON;Bovespa;Ação;ativo;ELET3;3,70;Nível 1;Energia elétrica;14/12/2023;95.105.188;96.847.585;-1.742.397;134.320.576;41,64;42,91050613;97,04;23/12/2022;357.983;264.105;135,55;32.717;22.054;148,35;-0,41;-1,47;5,50;-0,73;0,22;-25,90;20,45;6,28;101,26;51,64;-0,50;-19,73;30,14;3,12;17,28;-15,57;4;46,40;-0,25;0,58;1,02;0,53;0,220928938;0,83;29,78;2,63;6,38;30/09/2023;Sim;https://www.rad.cvm.gov.br/enet/frmGerenciaPaginaFRE.aspx?CodigoTipoInstituicao=1&NumeroSequencialDocumento=131880;71.110.709;39.159.707;31.951.002;19,8;1,86;2,69;1,09;3.201.769;1,398161019;50,18812653;50,07;8,34;21.066.132;58,1;31,75
7;B3;ON;Bovespa;Ação;ativo;B3SA3;3,68;Novo Mercado;Serviços financeiros diversos;14/12/2023;83.851.166;68.839.229;15.011.937;80.509.535;14,83;15,04262745;98,59;21/07/2023;1.035.335;482.109;214,75;86.249;41.553;207,57;2,77;1,71;17,14;10,91;30,06;3,94;-12,44;-26,60;99,98;50,36;15,75;-3,48;37,30;3,87;19,82;-18,32;6;47,20;0,62;0,73;1,09;3,45;0,40614177;4,14;20,31;8,57;12,43;30/09/2023;Sim;https://www.rad.cvm.gov.br/enet/frmGerenciaPaginaFRE.aspx?CodigoTipoInstituicao=1&NumeroSequencialDocumento=132077;11.577.022;-3.353.958;14.930.980;46,7;-0,52;20,75;8,82;4.220.216;0,730279956;3,578576545;89,99;42,22;6.478.663;64,8;79,93
8;Brasil;ON;Bovespa;Ação;ativo;BBAS3;3,37;Novo Mercado;Intermediários financeiros;14/12/2023;152.194.556;88.662.479;63.532.077;-;53,33;54,10763065;98,56;08/12/2023;978.244;501.059;195,24;37.707;27.597;136,64;0,66;-0,40;8,38;2,15;89,61;63,49;84,75;70,59;76,69;27,07;69,63;50,39;24,90;2,59;17,19;-2,45;10;57,60;2,94;0,77;1,12;14,71;4,570110085;0,92;4,53;-;-;30/09/2023;Sim;https://www.rad.cvm.gov.br/enet/frmGerenciaPaginaFRE.aspx?CodigoTipoInstituicao=1&NumeroSequencialDocumento=129901;-;-;-;-;-;22,55;1,65;33.584.284;11,76854846;58,23312813;24,24;14,24;-;-;-
9;Ambev S/A;ON;Bovespa;Ação;ativo;ABEV3;2,89;Tradicional;Bebidas;14/12/2023;228.273.138;238.170.015;-9.896.877;215.656.017;14,5;15,55;93,25;22/06/2023;879.440;340.761;258,08;55.980;30.351;184,44;-1,36;-2,42;5,84;-0,39;0,89;-25,23;6,77;-7,40;6,67;-42,95;-0,14;-19,37;20,93;2,17;7,02;-6,86;4;46,00;-0,43;0,62;0,67;5,04;0,7623;2,53;15,14;2,77;8,57;30/09/2023;Sim;https://www.rad.cvm.gov.br/enet/frmGerenciaPaginaFRE.aspx?CodigoTipoInstituicao=1&NumeroSequencialDocumento=131689;3.717.671;-13.923.399;17.641.070;501,0;-0,55;16,95;11,25;15.081.160;0,957898652;5,733026953;50,30;18,82;25.160.481;30,5;87,19
10;Itausa;PN;Bovespa;Ação;ativo;ITSA4;2,44;Nível 1;Intermediários financeiros;14/12/2023;104.908.101;80.181.404;24.726.697;111.819.101;10,13;10,13;100,00;14/12/2023;253.950;189.949;133,69;40.922;23.158;176,71;1,20;0,14;10,03;3,80;41,39;15,27;28,49;14,33;37,62;-12,00;32,75;13,52;21,54;2,24;18,49;-5,27;6;53,60;1,30;0,87;0,98;6,34;0,48237569;1,29;7,47;13,92;6,86;30/09/2023;Sim;https://www.rad.cvm.gov.br/enet/frmGerenciaPaginaFRE.aspx?CodigoTipoInstituicao=1&NumeroSequencialDocumento=132366;11.032.000;2.824.000;8.208.000;138,3;0,17;18,11;13,94;13.806.000;1,355325814;7,827826304;33,55;193,30;16.289.000;219,7;-200,10
11;Localiza;ON;Bovespa;Ação;ativo;RENT3;2,40;Novo Mercado;Diversos;14/12/2023;68.890.337;49.141.425;19.748.912;97.126.063;65,31;69,74279941;93,64;21/07/2023;1.101.680;415.546;265,12;55.031;24.500;224,62;3,80;2,73;10,69;4,46;33,90;7,78;9,07;-5,09;161,06;111,44;25,42;6,19;32,65;3,40;18,03;-13,13;7;54,00;0,76;0,78;1,42;2,97;1,491102611;2,73;42,26;2,43;10,01;30/09/2023;Sim;https://www.rad.cvm.gov.br/enet/frmGerenciaPaginaFRE.aspx?CodigoTipoInstituicao=1&NumeroSequencialDocumento=132403;36.720.981;28.226.635;8.494.346;14,5;2,91;6,77;2,09;1.545.151;1,545446992;23,88227204;29,04;5,73;9.699.513;36,1;-2,63
12;Weg;ON;Bovespa;Ação;ativo;WEGE3;2,39;Novo Mercado;Máquinas e equipamentos;14/12/2023;152.287.005;155.504.331;-3.217.326;149.889.013;36,3;41,56527391;87,33;30/03/2023;212.428;259.759;81,78;20.426;19.320;105,73;0,67;-0,40;8,49;2,26;-0,51;-26,63;7,51;-6,66;348,68;299,06;-4,40;-23,63;25,43;2,62;6,17;-10,12;5;45,60;-0,37;0,40;0,59;1,61;0,597211904;9,45;29,41;4,77;21,98;30/09/2023;Sim;https://www.rad.cvm.gov.br/enet/frmGerenciaPaginaFRE.aspx?CodigoTipoInstituicao=1&NumeroSequencialDocumento=131575;2.848.572;-2.874.738;5.723.310;217,9;-0,42;34,31;17,62;5.179.928;1,234458948;3,843180104;32,36;16,60;6.820.433;21,4;273,07
13;Btgp Banco;UNT;Bovespa;Ação;ativo;BPAC11;1,84;Nível 2;Intermediários financeiros;14/12/2023;170.995.026;109.511.223;61.483.802;-;36,84;36,84;100,00;14/12/2023;418.852;285.643;146,63;26.318;21.286;123,64;2,96;1,90;8,66;2,42;78,22;52,11;83,94;69,78;660,91;611,29;57,88;38,65;36,10;3,76;20,07;-9,08;9;52,00;1,89;0,79;1,72;4,56;0,325365052;2,94;15,92;-;-;30/09/2023;Sim;https://www.rad.cvm.gov.br/enet/frmGerenciaPaginaFRE.aspx?CodigoTipoInstituicao=1&NumeroSequencialDocumento=131877;-;-;-;-;-;18,54;1,84;8.841.311;0,771238994;4,178181306;28,10;13,36;-;-;-
14;Equatorial;ON;Bovespa;Ação;ativo;EQTL3;1,69;Novo Mercado;Energia elétrica;14/12/2023;38.771.774;28.821.690;9.950.085;78.010.010;34,71;34,88;99,51;23/11/2023;513.652;239.816;214,19;36.959;20.889;176,93;0,61;-0,45;2,12;-4,11;34,34;8,22;67,93;53,77;164,81;115,19;30,26;11,02;22,64;2,34;14,21;-9,24;7;48,00;0,97;0,77;0,90;1,34;0,35;1,98;20,85;1,03;8,00;30/09/2023;Sim;https://www.rad.cvm.gov.br/enet/frmGerenciaPaginaFRE.aspx?CodigoTipoInstituicao=1&NumeroSequencialDocumento=131919;45.185.115;35.887.374;9.297.741;16,6;3,68;12,90;2,69;1.861.312;1,664675217;17,5233415;30,07;7,06;9.755.396;25,9;410,67
15;RaiaDrogasil;ON;Bovespa;Ação;ativo;RADL3;1,67;Novo Mercado;Comércio e distribuição;14/12/2023;50.557.136;36.645.903;13.911.233;53.115.238;29,49;29,56;99,76;13/12/2023;224.523;164.665;136,35;24.945;16.012;155,79;-0,24;-1,30;8,13;1,90;39,23;13,12;25,98;11,82;156,55;106,93;30,55;11,31;22,98;2,38;12,11;-8,66;5;55,20;1,15;0,56;0,58;1,20;0,256185557;8,84;46,83;1,54;14,16;30/09/2023;Sim;https://www.rad.cvm.gov.br/enet/frmGerenciaPaginaFRE.aspx?CodigoTipoInstituicao=1&NumeroSequencialDocumento=131720;3.104.465;2.484.941;619.524;66,5;0,66;20,12;5,66;1.079.360;0,629722977;3,337543094;29,98;3,33;3.750.723;11,4;78,15
16;Petrorio;ON;Bovespa;Ação;ativo;PRIO3;1,62;Novo Mercado;Petróleo gás e biocombustíveis;14/12/2023;39.541.852;30.535.704;9.006.148;47.838.307;47,28;50,11949882;94,33;18/10/2023;640.976;484.634;132,26;40.971;27.084;151,28;4,54;3,47;0,78;-5,45;30,89;4,77;326,63;312,47;2.202,18;2.152,56;27,27;8,03;36,87;3,82;23,03;-19,95;7;47,60;0,65;0,61;1,84;0,20;0,0726435;3,06;8,75;4,04;6,39;30/09/2023;Sim;https://www.rad.cvm.gov.br/enet/frmGerenciaPaginaFRE.aspx?CodigoTipoInstituicao=1&NumeroSequencialDocumento=131719;10.521.714;8.296.455;2.225.259;53,2;1,11;41,18;15,98;4.558.566;5,40265634;15,42578736;61,28;46,12;7.487.028;75,8;708,54
17;Suzano S.A.;ON;Bovespa;Ação;ativo;SUZB3;1,59;Novo Mercado;Madeira e papel;14/12/2023;67.574.939;68.740.981;-1.166.042;125.767.700;52,41;57,22181017;91,59;13/10/2023;272.820;379.355;71,92;22.391;21.749;102,95;1,08;0,02;2,16;-4,07;5,86;-20,26;10,12;-4,04;55,02;5,40;11,19;-8,05;25,53;2,64;12,51;-12,86;5;46,00;-0,13;0,28;0,35;5,63;2,958155986;1,62;4,01;1,56;5,28;30/09/2023;Sim;https://www.rad.cvm.gov.br/enet/frmGerenciaPaginaFRE.aspx?CodigoTipoInstituicao=1&NumeroSequencialDocumento=131621;78.551.038;58.077.303;20.473.735;20,8;2,44;48,76;12,04;17.033.893;13,05933233;32,39014211;42,65;38,97;23.805.492;54,4;265,32
18;Rede D Or;ON;Bovespa;Ação;ativo;RDOR3;1,48;Novo Mercado;Serviços médico-hospitalares análises e diagnósticos;14/12/2023;64.256.291;50.278.620;13.977.671;67.581.791;28,5;36,6869563;77,68;26/07/2023;179.249;173.532;103,29;18.838;17.403;108,25;0,78;-0,29;12,51;6,28;13,14;-12,98;-55,24;-69,40;-;-;-2,88;-22,12;43,50;4,52;26,80;-20,39;7;48,40;0,23;-;-;1,04;0,264843239;2,82;37,49;1,55;11,10;30/09/2023;Sim;https://www.rad.cvm.gov.br/enet/frmGerenciaPaginaFRE.aspx?CodigoTipoInstituicao=1&NumeroSequencialDocumento=131947;33.678.587;2.042.409;31.636.178;12,7;0,34;9,16;1,86;1.664.917;0,760174284;10,10083839;16,72;4,43;6.090.078;15,1;107,77
19;Ultrapar;ON;Bovespa;Ação;ativo;UGPA3;1,25;Novo Mercado;Petróleo gás e biocombustíveis;14/12/2023;28.497.161;13.539.974;14.957.187;36.702.580;26,02;26,02;100,00;14/12/2023;161.640;146.552;110,30;21.526;17.341;124,13;1,01;-0,05;6,20;-0,03;114,61;88,49;21,39;7,23;20,08;-29,54;110,70;91,46;30,82;3,22;23,47;-2,55;11;55,60;3,21;0,73;1,21;2,83;0,35;2,24;13,17;0,22;8,28;30/09/2023;Sim;https://www.rad.cvm.gov.br/enet/frmGerenciaPaginaFRE.aspx?CodigoTipoInstituicao=1&NumeroSequencialDocumento=131929;13.909.833;7.663.509;6.246.324;30,0;1,73;18,20;6,15;2.163.414;1,976067365;11,5974228;6,77;1,74;4.430.274;3,4;1.990,24
20;JBS;ON;Bovespa;Ação;ativo;JBSS3;1,24;Novo Mercado;Alimentos processados;14/12/2023;53.168.249;45.515.748;7.652.501;137.102.708;23,97;24,35;98,44;13/12/2023;180.465;167.323;107,85;19.591;16.457;119,04;-1,56;-2,62;14,80;8,57;23,38;-2,74;33,23;19,07;151,43;101,81;15,13;-4,10;32,32;3,35;15,88;-8,69;7;53,20;0,46;0,31;0,43;4,87;1;1,27;44,08;0,15;8,28;30/09/2023;Sim;https://www.rad.cvm.gov.br/enet/frmGerenciaPaginaFRE.aspx?CodigoTipoInstituicao=1&NumeroSequencialDocumento=132360;108.113.698;80.388.616;27.725.082;5,6;4,86;2,74;0,60;1.206.114;0,543755962;18,92256762;10,89;0,35;16.552.935;4,6;95,93
21;Rumo S.A.;ON;Bovespa;Ação;ativo;RAIL3;1,22;Novo Mercado;Transporte;14/12/2023;42.548.347;31.323.335;11.225.011;54.852.693;22,95;24,09;95,27;25/07/2023;596.505;330.396;180,54;33.417;24.508;136,35;2,73;1,67;-1,96;-8,20;36,18;10,07;24,28;10,12;41,87;-7,75;23,74;4,51;27,02;2,79;6,63;-3,83;8;52,80;0,93;0,51;0,55;0,39;0,066022357;2,67;44,19;4,03;9,43;30/09/2023;Sim;https://www.rad.cvm.gov.br/enet/frmGerenciaPaginaFRE.aspx?CodigoTipoInstituicao=1&NumeroSequencialDocumento=132144;19.076.296;12.105.972;6.970.324;19,6;2,08;6,13;1,95;962.057;0,519290914;8,596053395;36,76;9,14;5.817.034;55,2;98,10
22;Gerdau;PN;Bovespa;Ação;ativo;GGBR4;1,15;Nível 1;Siderurgia e metalurgia;14/12/2023;39.759.652;48.448.300;-8.688.648;45.421.625;23,47;29,90003872;78,49;19/01/2023;255.720;227.732;112,29;31.138;22.490;138,45;2,04;0,98;-0,96;-7,19;-15,50;-41,62;48,53;34,37;130,06;80,44;-10,47;-29,70;28,94;2,98;16,67;-12,55;3;47,60;-0,77;0,63;1,17;5,40;1,600476191;0,81;5,05;0,57;3,01;30/09/2023;Sim;https://www.rad.cvm.gov.br/enet/frmGerenciaPaginaFRE.aspx?CodigoTipoInstituicao=1&NumeroSequencialDocumento=131808;11.478.078;5.475.410;6.002.668;105,0;0,36;16,31;10,69;8.131.233;4,648164118;28,92588571;17,50;11,32;15.071.796;20,9;184,42
23;Sabesp;ON;Bovespa;Ação;ativo;SBSP3;1,09;Novo Mercado;Água e saneamento;14/12/2023;48.734.254;37.620.373;11.113.880;64.761.875;71,3;71,45;99,79;13/12/2023;177.401;178.239;99,53;13.330;12.963;102,83;-0,21;-1,27;12,57;6,33;33,23;7,11;66,94;52,77;161,29;111,67;28,29;9,05;28,38;2,94;17,16;-8,85;7;49,20;0,80;0,64;1,06;2,32;1,276;1,65;-;-;-;30/09/2023;Sim;https://www.rad.cvm.gov.br/enet/frmGerenciaPaginaFRE.aspx?CodigoTipoInstituicao=1&NumeroSequencialDocumento=132163;19.002.890;16.027.621;2.975.269;-;-;-;-;-;-;43,29689642;-;-;-;-;-
24;Vibra;ON;Bovespa;Ação;ativo;VBBR3;1,08;Novo Mercado;Petróleo gás e biocombustíveis;14/12/2023;24.182.268;16.021.170;8.161.097;33.749.268;21,69;24,15;89,81;01/12/2023;358.156;244.850;146,28;44.084;26.140;168,65;-0,09;-1,16;-0,50;-6,74;58,31;32,20;16,73;2,57;29,30;-20,32;42,62;23,38;35,81;3,71;21,89;-10,15;8;52,80;1,38;0,75;1,18;5,70;0,819257525;1,78;11,88;0,15;7,32;30/09/2023;Sim;https://www.rad.cvm.gov.br/enet/frmGerenciaPaginaFRE.aspx?CodigoTipoInstituicao=1&NumeroSequencialDocumento=131818;16.003.000;9.567.000;6.436.000;25,4;2,07;15,54;4,97;2.035.000;1,825269261;12,15799746;4,58;1,24;4.611.000;2,8;-103,64
25;BRF SA;ON;Bovespa;Ação;ativo;BRFS3;1,06;Novo Mercado;Alimentos processados;14/12/2023;23.182.240;7.697.754;15.484.486;34.909.623;13,81;15,18;90,97;01/12/2023;119.584;227.512;52,56;18.846;22.213;84,84;-1,85;-2,91;7,64;1,41;93,42;67,30;-36,71;-50,87;-39,96;-89,58;66,79;47,55;61,29;6,38;37,39;-22,61;7;52,80;1,74;0,64;1,55;0,00;0;1,64;-4,52;0,31;12,69;30/09/2023;Sim;https://www.rad.cvm.gov.br/enet/frmGerenciaPaginaFRE.aspx?CodigoTipoInstituicao=1&NumeroSequencialDocumento=132383;22.328.811;10.918.458;11.410.353;-1,8;3,97;-26,00;-6,04;-3.692.167;-3,052228053;8,412586281;14,97;-6,63;2.751.025;5,1;-9,53
26;Telef Brasil;ON;Bovespa;Ação;ativo;VIVT3;1,02;Tradicional;Telecomunicações;14/12/2023;90.033.842;62.324.901;27.708.941;103.287.699;54,35;54,35;100,00;14/12/2023;123.203;124.280;99,13;11.586;11.172;103,70;0,42;-0,64;6,76;0,52;55,16;29,04;44,68;30,52;81,87;32,25;51,23;32,00;21,71;2,25;16,62;-6,89;9;51,60;1,87;0,26;0,18;6,89;2,575077606;1,30;19,84;1,76;4,97;30/09/2023;Sim;https://www.rad.cvm.gov.br/enet/frmGerenciaPaginaFRE.aspx?CodigoTipoInstituicao=1&NumeroSequencialDocumento=131708;17.754.435;13.197.801;4.556.634;43,0;0,64;6,58;3,80;4.555.077;2,739613612;41,81561803;43,46;8,90;20.775.548;40,6;67,30
27;Bradesco;ON;Bovespa;Ação;ativo;BBDC3;1,00;Nível 1;Intermediários financeiros;14/12/2023;173.236.658;141.211.058;32.025.600;-;15,31;15,31;100,00;14/12/2023;135.666;91.845;147,71;15.334;9.222;166,28;2,34;1,28;14,22;7,99;31,28;5,16;-8,89;-23,05;-7,91;-57,53;21,73;2,50;24,91;2,57;16,35;-10,74;7;50,00;0,80;0,87;1,16;7,34;0,916363965;1,01;10,97;-;-;30/09/2023;Sim;https://www.rad.cvm.gov.br/enet/frmGerenciaPaginaFRE.aspx?CodigoTipoInstituicao=1&NumeroSequencialDocumento=129717;-;-;-;-;-;9,46;0,80;14.855.254;1,395352367;15,10976388;16,94;7,67;-;-;-
28;Cosan;ON;Bovespa;Ação;ativo;CSAN3;0,95;Novo Mercado;Petróleo gás e biocombustíveis;14/12/2023;34.772.851;29.732.786;5.040.065;111.129.860;18,62;20,49;90,87;25/07/2023;269.357;120.344;223,82;32.478;18.323;177,25;2,82;1,75;3,91;-2,33;20,29;-5,83;15,73;1,57;152,14;102,52;11,72;-7,52;31,59;3,28;19,07;-12,14;5;50,40;0,37;0,73;1,10;2,70;0,42857979;1,88;-75,25;0,86;7,13;30/09/2023;Sim;https://www.rad.cvm.gov.br/enet/frmGerenciaPaginaFRE.aspx?CodigoTipoInstituicao=1&NumeroSequencialDocumento=132421;62.256.663;47.175.290;15.081.373;19,7;3,03;6,53;1,90;-462.060;-0,247425485;9,896381476;26,67;6,43;15.581.307;38,3;120,11
29;Eneva;ON;Bovespa;Ação;ativo;ENEV3;0,94;Novo Mercado;Energia elétrica;14/12/2023;21.302.536;18.187.193;3.115.344;39.697.164;13,46;13,46;100,00;14/12/2023;77.132;106.580;72,37;18.597;16.870;110,24;1,51;0,44;9,43;3,20;17,04;-9,07;-4,67;-18,84;237,13;187,51;12,82;-6,41;32,60;3,37;17,28;-10,85;6;47,20;0,28;0,63;0,77;0,00;0;1,65;67,78;2,20;10,42;30/09/2023;Sim;https://www.rad.cvm.gov.br/enet/frmGerenciaPaginaFRE.aspx?CodigoTipoInstituicao=1&NumeroSequencialDocumento=132404;23.712.003;16.066.147;7.645.856;9,4;4,22;2,41;0,72;314.181;0,198593128;8,178368627;35,96;3,62;3.811.411;39,4;479,27
30;BBSeguridade;ON;Bovespa;Ação;ativo;BBSE3;0,93;Novo Mercado;Previdência e seguros;14/12/2023;62.992.834;62.916.850;75.984;-;31,64;34,18527876;92,55;30/01/2023;310.608;164.976;188,27;29.463;15.918;185,09;1,90;0,84;-0,03;-6,26;11,32;-14,79;31,80;17,64;71,60;21,98;4,06;-15,18;20,12;2,07;12,07;-9,85;6;52,40;0,02;0,60;0,62;11,04;3,477648881;5,91;8,25;-;-;30/09/2023;Sim;https://www.rad.cvm.gov.br/enet/frmGerenciaPaginaFRE.aspx?CodigoTipoInstituicao=1&NumeroSequencialDocumento=131775;-;-;-;-;-;76,09;47,15;7.655.997;3,834281676;5,355901668;-;-;-;-;-
31;Hapvida;ON;Bovespa;Ação;ativo;HAPV3;0,87;Novo Mercado;Serviços médico-hospitalares análises e diagnósticos;14/12/2023;34.702.345;32.275.493;2.426.852;40.189.111;4,63;5,28;87,69;23/12/2022;423.332;333.701;126,86;55.455;50.645;109,50;2,66;1,60;1,76;-4,47;1,98;-24,14;-69,28;-83,44;-19,62;-69,24;-8,86;-28,09;86,80;8,48;44,57;-41,65;7;51,20;0,35;0,60;1,23;0,00;0;0,71;-33,04;1,26;17,24;30/09/2023;Sim;https://www.rad.cvm.gov.br/enet/frmGerenciaPaginaFRE.aspx?CodigoTipoInstituicao=1&NumeroSequencialDocumento=131946;10.898.221;5.478.116;5.420.105;1,5;2,35;-2,09;-1,37;-1.024.391;-0,14015225;6,552865497;24,41;-3,81;2.330.580;8,6;26,40
32;Embraer;ON;Bovespa;Ação;ativo;EMBR3;0,80;Novo Mercado;Material de transporte;14/12/2023;17.557.729;10.204.052;7.353.676;25.220.716;23,9;24,36;98,11;13/12/2023;146.211;116.984;124,98;16.598;13.417;123,71;-1,89;-2,95;22,56;16,33;72,07;45,95;165,26;151,10;15,35;-34,27;67,02;47,78;31,51;3,24;25,32;-11,65;7;53,60;1,92;0,38;0,89;0,00;0;1,38;-429,89;0,65;10,44;30/09/2023;Sim;https://www.rad.cvm.gov.br/enet/frmGerenciaPaginaFRE.aspx?CodigoTipoInstituicao=1&NumeroSequencialDocumento=131776;14.344.311;6.420.939;7.923.372;8,7;2,66;-0,48;-0,13;-40.842;-0,055595107;17,36564244;18,00;-0,26;2.416.694;9,0;158,92
33;Assai;ON;Bovespa;Ação;ativo;ASAI3;0,78;Novo Mercado;Comércio e distribuição;14/12/2023;18.055.559;25.712.710;-7.657.151;-;13,36;21,02415517;63,55;25/01/2023;362.087;168.956;214,31;40.077;24.052;166,63;3,25;2,18;6,45;0,22;-29,52;-55,64;-;-;-;-;-31,10;-50,34;43,90;4,57;27,91;-20,59;4;45,60;-0,72;-;-;0,46;0,087078492;-;-;-;-;30/09/2023;Não;https://www.rad.cvm.gov.br/enet/frmGerenciaPaginaFRE.aspx?CodigoTipoInstituicao=1&NumeroSequencialDocumento=131680;14.094.000;9.677.000;4.417.000;22,1;2,16;20,68;1,98;819.000;0,606886556;3,200233229;16,38;1,28;4.485.000;7,0;202,04
34;Totvs;ON;Bovespa;Ação;ativo;TOTS3;0,78;Novo Mercado;Programas e serviços;14/12/2023;20.643.912;15.858.164;4.785.748;19.595.160;34,19;34,6;98,82;07/12/2023;159.080;134.164;118,57;17.975;15.609;115,16;0,71;-0,36;5,43;-0,80;33,46;7,34;38,09;23,93;281,69;232,07;26,50;7,27;33,11;3,42;31,61;-9,25;5;51,60;0,75;0,66;1,09;2,48;0,65;4,38;27,02;4,79;19,77;30/09/2023;Sim;https://www.rad.cvm.gov.br/enet/frmGerenciaPaginaFRE.aspx?CodigoTipoInstituicao=1&NumeroSequencialDocumento=131852;1.708.896;-1.347.830;3.056.726;42,2;-1,36;16,28;9,04;764.710;1,265552686;7,804715457;69,96;18,37;991.404;23,0;161,83
35;Copel;PNB;Bovespa;Ação;ativo;CPLE6;0,74;Nível 2;Energia elétrica;14/12/2023;28.652.669;19.584.852;9.067.816;38.490.201;9,93;9,93;100,00;14/12/2023;350.404;198.668;176,38;50.631;21.960;230,56;0,71;-0,35;7,24;1,00;39,02;12,90;104,12;89,96;387,95;338,33;30,40;11,17;23,79;2,46;15,56;-9,27;8;48,80;1,11;0,62;0,80;4,51;0,33442748;1,27;13,75;1,28;8,67;30/09/2023;Sim;https://www.rad.cvm.gov.br/enet/frmGerenciaPaginaFRE.aspx?CodigoTipoInstituicao=1&NumeroSequencialDocumento=131981;15.140.340;9.582.453;5.557.887;20,3;2,16;8,96;3,60;2.001.064;0,721966453;7,795686079;21,79;9,32;4.438.305;20,6;48,29
36;Cemig;PN;Bovespa;Ação;ativo;CMIG4;0,73;Nível 1;Energia elétrica;14/12/2023;27.859.992;27.740.864;119.128;35.804.018;11,42;13,42;85,10;16/11/2023;210.328;157.889;133,21;27.318;20.454;133,56;0,88;-0,18;-12,82;-19,06;18,81;-7,31;62,25;48,08;95,41;45,79;8,51;-10,72;25,99;2,67;11,59;-8,55;6;52,00;0,33;0,70;0,97;10,46;1,1051147;1,03;4,76;0,69;4,46;30/09/2023;Sim;https://www.rad.cvm.gov.br/enet/frmGerenciaPaginaFRE.aspx?CodigoTipoInstituicao=1&NumeroSequencialDocumento=132153;12.105.914;7.937.842;4.168.072;56,1;0,99;23,23;9,41;5.284.665;2,401547358;11,10088911;22,08;14,43;8.020.983;21,9;80,82
37;Lojas Renner;ON;Bovespa;Ação;ativo;LREN3;0,71;Novo Mercado;Comércio;14/12/2023;16.675.237;19.844.367;-3.169.130;15.562.245;17,45;22,31611507;78,19;12/06/2023;471.326;328.907;143,30;40.656;35.450;114,68;4,30;3,24;24,38;18,14;-11,05;-37,16;-54,00;-68,17;-41,08;-90,70;-11,96;-31,19;48,31;5,01;33,52;-15,25;4;46,00;-0,24;0,77;1,32;3,55;0,726243;1,71;18,04;1,25;7,82;30/09/2023;Sim;https://www.rad.cvm.gov.br/enet/frmGerenciaPaginaFRE.aspx?CodigoTipoInstituicao=1&NumeroSequencialDocumento=132059;2.160.817;-1.112.992;3.273.809;42,5;-0,56;9,52;4,67;931.191;0,967507341;10,21879529;60,17;6,95;1.991.160;14,9;89,88
38;Energisa;UNT N2;Bovespa;Ação;ativo;ENGI11;0,68;Nível 2;Energia elétrica;14/12/2023;24.459.365;19.202.818;5.256.548;52.756.628;51,7;53,07;97,42;01/12/2023;216.051;120.915;178,68;18.512;10.370;178,51;-1,37;-2,44;1,37;-4,86;29,05;2,93;23,71;9,55;65,81;16,19;21,28;2,05;27,86;2,89;13,99;-8,43;7;48,80;0,67;0,77;0,93;3,61;0,3;1,75;12,47;0,78;7,31;30/09/2023;Sim;https://www.rad.cvm.gov.br/enet/frmGerenciaPaginaFRE.aspx?CodigoTipoInstituicao=1&NumeroSequencialDocumento=132147;31.039.078;25.452.347;5.586.731;18,5;3,53;16,08;3,43;1.688.984;0,829073234;5,917986622;27,18;8,25;7.214.455;26,6;340,79
39;Klabin S/A;UNT N2;Bovespa;Ação;ativo;KLBN11;0,68;Nível 2;Madeira e papel;14/12/2023;24.100.612;22.689.497;1.411.115;47.419.688;21,85;23,86222708;91,57;21/09/2023;124.587;113.247;110,01;15.001;13.873;108,13;1,53;0,47;-3,74;-9,98;12,38;-13,74;5,56;-8,60;68,42;18,80;15,90;-3,33;22,77;2,35;11,65;-8,92;6;48,00;0,08;0,50;0,57;5,97;0,246367189;2,16;8,39;1,29;6,19;30/09/2023;Sim;https://www.rad.cvm.gov.br/enet/frmGerenciaPaginaFRE.aspx?CodigoTipoInstituicao=1&NumeroSequencialDocumento=131576;28.734.783;20.881.656;7.853.127;15,6;2,73;26,58;6,32;2.869.319;0,52113748;2,02293744;39,10;17,56;7.655.707;41,1;214,53
40;Hypera;ON;Bovespa;Ação;ativo;HYPE3;0,67;Novo Mercado;Comércio e distribuição;14/12/2023;22.978.011;26.392.453;-3.414.442;30.610.572;36,32;46,00938737;78,94;05/07/2023;85.877;117.914;72,83;10.759;11.724;91,77;-0,60;-1,67;8,74;2,51;-10,26;-36,38;25,40;11,23;39,59;-10,03;-17,80;-37,04;28,92;2,98;12,71;-18,44;3;45,60;-0,61;0,69;0,76;2,95;1,23143;2,02;12,99;2,81;10,52;30/09/2023;Sim;https://www.rad.cvm.gov.br/enet/frmGerenciaPaginaFRE.aspx?CodigoTipoInstituicao=1&NumeroSequencialDocumento=131628;9.839.348;7.620.947;2.218.401;27,4;2,62;16,18;7,30;1.768.784;2,796224026;18,00102925;63,15;21,64;2.911.064;35,5;455,30
41;Tim;ON;Bovespa;Ação;ativo;TIMS3;0,66;Novo Mercado;Telecomunicações;14/12/2023;44.708.464;30.644.224;14.064.240;45.099.293;18,47;18,47;100,00;14/12/2023;132.807;143.612;92,48;15.222;15.689;97,02;1,26;0,20;7,57;1,34;55,10;28,98;45,98;31,82;85,48;35,86;55,95;36,72;21,43;2,22;14,23;-4,92;8;53,20;1,89;0,58;0,66;6,53;0,82618985;1,75;19,50;1,91;4,01;30/09/2023;Sim;https://www.rad.cvm.gov.br/enet/frmGerenciaPaginaFRE.aspx?CodigoTipoInstituicao=1&NumeroSequencialDocumento=131793;4.837.067;390.829;4.446.238;82,9;0,03;9,02;4,10;2.293.101;0,947298593;10,56517731;51,02;9,81;11.233.448;48,0;64,22
42;Grupo Natura;ON;Bovespa;Ação;ativo;NTCO3;0,65;Novo Mercado;Produtos de uso pessoal e de limpeza;14/12/2023;22.554.539;14.637.353;7.917.186;22.008.197;16,35;18,34;89,15;01/08/2023;284.107;163.381;173,89;39.400;24.053;163,80;-5,22;-6,28;14,34;8,10;53,38;27,26;-66,18;-80,35;-24,47;-74,09;40,83;21,59;51,63;5,30;29,33;-16,91;6;50,40;1,07;0,65;1,47;0,00;0;0,80;4,73;0,68;10,40;30/09/2023;Sim;https://www.rad.cvm.gov.br/enet/frmGerenciaPaginaFRE.aspx?CodigoTipoInstituicao=1&NumeroSequencialDocumento=132472;6.210.903;-562.448;6.773.351;-4,9;-0,27;18,61;9,39;4.750.114;3,457347128;20,37316678;64,98;14,39;2.115.356;6,4;43,31
43;CCR SA;ON;Bovespa;Ação;ativo;CCRO3;0,63;Novo Mercado;Transporte;14/12/2023;28.882.272;20.906.979;7.975.293;52.019.748;14,32;14,32;100,00;14/12/2023;139.093;102.600;135,57;23.967;14.940;160,43;0,85;-0,22;9,06;2,83;40,57;14,45;13,01;-1,15;37,67;-11,95;34,46;15,23;25,99;2,69;16,47;-6,55;7;48,00;1,10;0,71;1,01;1,87;0,193321518;2,28;30,96;1,75;8,28;30/09/2023;Sim;https://www.rad.cvm.gov.br/enet/frmGerenciaPaginaFRE.aspx?CodigoTipoInstituicao=1&NumeroSequencialDocumento=131711;30.258.930;22.654.678;7.604.252;16,6;3,61;7,61;1,86;933.968;0,46252139;6,285362781;42,94;5,93;6.282.279;37,9;386,58
44;Allos;ON;Bovespa;Ação;ativo;ALOS3;0,62;Novo Mercado;Exploração de imóveis;14/12/2023;15.154.480;4.254.321;10.900.158;14.661.503;26,84;26,84;100,00;14/12/2023;145.480;113.126;128,60;20.568;15.274;134,66;2,56;1,50;6,13;-0,10;72,45;46,33;-6,19;-20,35;12,81;-36,81;62,31;43,07;30,01;3,11;19,59;-6,33;8;51,20;1,99;0,78;1,30;3,24;0,519024145;1,03;4,22;5,91;2,50;30/09/2023;Sim;https://www.rad.cvm.gov.br/enet/frmGerenciaPaginaFRE.aspx?CodigoTipoInstituicao=1&NumeroSequencialDocumento=132423;0;-1.636.599;1.636.599;-;-0,28;27,15;11,57;3.134.653;6,36404412;26,04043715;68,66;144,69;5.853.337;261,7;257,37
45;Eletrobras;PNB;Bovespa;Ação;ativo;ELET6;0,56;Nível 1;Energia elétrica;14/12/2023;95.105.188;96.847.585;-1.742.397;134.320.576;46,23;46,36;99,72;13/12/2023;57.044;61.205;93,20;7.234;6.223;116,24;-0,28;-1,34;7,09;0,86;9,33;-16,79;42,80;28,63;106,59;56,97;11,28;-7,96;28,27;2,93;16,70;-15,30;7;48,80;0,02;0,57;0,94;3,39;1,493651682;0,92;33,06;2,92;6,38;30/09/2023;Sim;https://www.rad.cvm.gov.br/enet/frmGerenciaPaginaFRE.aspx?CodigoTipoInstituicao=1&NumeroSequencialDocumento=131880;71.110.709;39.159.707;31.951.002;19,8;1,86;2,69;1,09;3.201.769;1,398161019;50,18812653;50,07;8,34;21.066.132;58,1;31,75
46;Engie Brasil;ON;Bovespa;Ação;ativo;EGIE3;0,51;Novo Mercado;Energia elétrica;14/12/2023;36.471.970;30.270.919;6.201.051;52.197.814;44,7;44,91883507;99,51;23/06/2023;93.263;69.291;134,60;9.568;7.006;136,56;0,83;-0,23;4,63;-1,60;29,36;3,24;23,95;9,79;70,79;21,17;25,88;6,65;17,04;1,76;10,69;-5,14;7;52,00;0,95;0,67;0,59;8,00;2,968839279;4,32;10,82;3,27;7,25;30/09/2023;Sim;https://www.rad.cvm.gov.br/enet/frmGerenciaPaginaFRE.aspx?CodigoTipoInstituicao=1&NumeroSequencialDocumento=131790;17.855.653;14.770.402;3.085.251;35,2;2,05;38,67;8,56;3.371.917;4,132617185;10,34016934;53,31;30,28;7.195.529;64,6;293,43
47;Santander BR;UNT;Bovespa;Ação;ativo;SANB11;0,49;Tradicional;Intermediários financeiros;14/12/2023;117.951.562;96.503.633;21.447.929;-;31,8;31,91;99,66;16/11/2023;62.794;65.188;96,33;10.171;8.700;116,91;0,16;-0,91;2,78;-3,45;31,02;4,90;-8,01;-22,17;3,43;-46,19;19,77;0,53;25,51;2,64;15,16;-5,47;6;49,20;0,77;0,79;1,06;6,47;0,83380119;1,40;13,98;-;-;30/09/2023;Sim;https://www.rad.cvm.gov.br/enet/frmGerenciaPaginaFRE.aspx?CodigoTipoInstituicao=1&NumeroSequencialDocumento=131574;-;-;-;-;-;10,15;0,74;8.463.149;1,137169576;11,39077365;21,67;7,63;-;-;-
48;Sid Nacional;ON;Bovespa;Ação;ativo;CSNA3;0,47;Tradicional;Siderurgia e metalurgia;14/12/2023;23.352.514;19.042.709;4.309.805;52.817.833;17,61;17,61;100,00;14/12/2023;104.886;113.287;92,58;13.811;12.457;110,87;0,51;-0,55;34,30;28,06;52,62;26,50;-5,13;-19,29;204,89;155,27;45,25;26,02;39,40;4,10;46,31;-12,50;4;50,40;1,16;0,58;1,40;21,41;3,0737984;1,31;-26,53;0,52;6,70;30/09/2023;Sim;https://www.rad.cvm.gov.br/enet/frmGerenciaPaginaFRE.aspx?CodigoTipoInstituicao=1&NumeroSequencialDocumento=132464;43.574.221;27.127.002;16.447.219;10,5;3,44;-1,15;-0,28;-880.332;-0,663853419;13,39462264;25,98;-0,56;7.886.076;17,7;198,45
49;Csn Mineracao;ON;Bovespa;Ação;ativo;CMIN3;0,36;Nível 2;Mineração;14/12/2023;39.220.173;21.337.968;17.882.205;37.034.117;7,15;7,3;97,95;13/12/2023;58.768;58.791;99,96;17.569;12.514;140,39;-2,05;-3,12;13,11;6,88;110,89;84,77;-;-;-;-;100,28;81,05;36,13;3,75;43,23;-12,73;7;55,60;2,76;-;-;18,34;0,713547911;3,43;12,73;2,26;5,80;30/09/2023;Sim;https://www.rad.cvm.gov.br/enet/frmGerenciaPaginaFRE.aspx?CodigoTipoInstituicao=1&NumeroSequencialDocumento=132461;8.448.120;-2.186.056;10.634.176;63,2;-0,34;25,04;10,40;3.081.284;0,561730841;2,086329457;46,73;17,76;6.379.933;36,8;150,71
50;Taesa;UNT N2;Bovespa;Ação;ativo;TAEE11;0,36;Nível 2;Energia elétrica;14/12/2023;12.713.482;11.430.467;1.283.016;21.106.422;36,95;36,95;100,00;14/12/2023;64.190;67.346;95,31;8.755;8.232;106,35;0,54;-0,52;1,82;-4,41;20,54;-5,58;49,89;35,73;153,18;103,56;15,67;-3,57;15,24;1,57;11,03;-4,36;7;50,40;0,51;0,66;0,57;8,76;0,971502342;1,91;14,00;4,96;11,33;30/09/2023;Sim;https://www.rad.cvm.gov.br/enet/frmGerenciaPaginaFRE.aspx?CodigoTipoInstituicao=1&NumeroSequencialDocumento=131952;10.067.740;8.392.940;1.674.800;18,3;4,51;13,36;4,68;908.956;0,879495538;6,436715346;68,87;35,40;1.862.834;72,6;868,77
51;Multiplan;ON;Bovespa;Ação;ativo;MULT3;0,34;Nível 2;Exploração de imóveis;14/12/2023;16.721.344;11.892.075;4.829.269;18.627.570;28,72;28,72;100,00;14/12/2023;125.299;91.832;136,44;19.593;16.045;122,11;2,17;1,11;9,28;3,05;48,04;21,92;27,79;13,63;39,15;-10,47;35,38;16,15;28,66;2,97;10,90;-6,32;6;52,00;1,27;0,77;1,07;5,45;1,106321235;2,42;17,56;8,56;12,53;30/09/2023;Sim;https://www.rad.cvm.gov.br/enet/frmGerenciaPaginaFRE.aspx?CodigoTipoInstituicao=1&NumeroSequencialDocumento=131647;2.634.517;1.906.185;728.332;50,2;1,28;14,24;8,85;956.837;1,635186119;11,85093629;85,08;48,74;1.486.885;75,7;233,97
52;Magaz Luiza;ON;Bovespa;Ação;ativo;MGLU3;0,32;Novo Mercado;Comércio;14/12/2023;16.259.810;17.558.178;-1.298.369;20.378.274;2,43;4,53;53,64;27/01/2023;536.629;311.127;172,48;73.823;47.259;156,21;-3,95;-5,02;38,07;31,84;-7,60;-33,72;-89,88;-104,04;-53,91;-103,53;-11,31;-30,55;77,57;8,08;61,68;-37,26;4;45,20;0,13;0,50;1,42;0,00;0;1,71;-53,21;0,43;8,63;30/09/2023;Sim;https://www.rad.cvm.gov.br/enet/frmGerenciaPaginaFRE.aspx?CodigoTipoInstituicao=1&NumeroSequencialDocumento=132433;7.403.316;4.118.464;3.284.852;14,4;1,74;-3,00;-0,83;-305.095;-0,045671735;1,424638397;28,88;-0,82;2.361.370;6,3;73,21
53;CPFL Energia;ON;Bovespa;Ação;ativo;CPFE3;0,32;Novo Mercado;Energia elétrica;14/12/2023;43.474.560;34.867.219;8.607.341;64.188.221;37,73;37,73;100,00;14/12/2023;84.929;58.421;145,37;11.658;7.171;162,58;0,37;-0,69;5,39;-0,84;36,16;10,04;69,94;55,78;104,05;54,43;24,10;4,87;23,10;2,39;13,57;-8,98;6;53,20;1,03;0,71;0,72;9,54;2,885587554;2,39;8,10;1,09;4,75;30/09/2023;Sim;https://www.rad.cvm.gov.br/enet/frmGerenciaPaginaFRE.aspx?CodigoTipoInstituicao=1&NumeroSequencialDocumento=132064;25.129.631;19.425.923;5.703.708;45,0;1,44;31,74;7,57;5.367.425;4,658194244;15,77147145;33,17;13,98;13.523.199;33,9;204,59
54;Gerdau Met;PN;Bovespa;Ação;ativo;GOAU4;0,31;Nível 1;Siderurgia e metalurgia;14/12/2023;11.078.015;13.519.870;-2.441.855;49.419.113;10,66;12,85118934;82,95;19/01/2023;104.736;112.994;92,69;17.371;14.214;122,21;1,72;0,65;-2,28;-8,51;-10,16;-36,28;60,39;46,23;146,04;96,42;-5,79;-25,03;28,05;2,89;16,33;-13,18;3;46,80;-0,63;0,68;1,22;11,69;1,59;0,61;4,02;0,15;3,29;30/09/2023;Sim;https://www.rad.cvm.gov.br/enet/frmGerenciaPaginaFRE.aspx?CodigoTipoInstituicao=1&NumeroSequencialDocumento=131807;11.478.078;4.498.205;6.979.873;104,4;0,30;16,12;10,58;2.744.538;2,65385256;17,37966702;17,50;11,35;15.007.219;20,8;184,42
55;Yduqs Part;ON;Bovespa;Ação;ativo;YDUQ3;0,29;Novo Mercado;Diversos;14/12/2023;6.703.112;2.843.399;3.859.713;10.880.153;23,03;23,70608799;97,15;11/08/2023;146.692;96.680;151,73;21.311;17.731;120,19;2,90;1,84;16,25;10,02;137,67;111,55;-29,37;-43,53;-0,33;-49,95;129,26;110,02;62,55;6,55;73,28;-31,75;7;51,20;2,48;0,70;2,08;2,80;0,274930192;2,07;35,54;1,33;6,72;30/09/2023;Sim;https://www.rad.cvm.gov.br/enet/frmGerenciaPaginaFRE.aspx?CodigoTipoInstituicao=1&NumeroSequencialDocumento=132297;5.344.628;4.162.986;1.181.642;16,0;2,57;6,06;1,95;188.071;0,647930611;11,12840308;59,29;3,80;1.619.559;32,3;64,66
56;Fleury;ON;Bovespa;Ação;ativo;FLRY3;0,28;Novo Mercado;Serviços médico-hospitalares análises e diagnósticos;14/12/2023;10.061.231;5.686.941;4.374.290;13.176.294;18,4;18,4;100,00;14/12/2023;52.123;52.785;98,74;16.270;11.793;137,96;0,82;-0,24;8,11;1,88;28,65;2,53;-20,44;-34,60;19,98;-29,64;26,50;7,26;29,04;3,01;14,54;-8,38;6;51,20;0,64;0,64;0,80;3,05;0,449677714;1,94;22,24;1,41;9,10;30/09/2023;Sim;https://www.rad.cvm.gov.br/enet/frmGerenciaPaginaFRE.aspx?CodigoTipoInstituicao=1&NumeroSequencialDocumento=132023;4.076.890;3.100.252;976.638;20,6;2,14;10,39;3,21;373.430;0,827505921;9,467953034;27,02;6,29;1.448.370;24,6;36,44
57;3r Petroleum;ON;Bovespa;Ação;ativo;RRRP3;0,28;Novo Mercado;Petróleo gás e biocombustíveis;14/12/2023;6.597.186;6.803.436;-206.250;14.427.746;27,49;48,01094839;57,26;20/01/2023;383.111;182.626;209,78;22.076;15.604;141,47;3,00;1,93;-15,49;-21,73;-16,64;-42,76;-12,74;-26,90;-;-;-26,03;-45,26;50,00;5,18;19,10;-19,06;4;44,80;-0,33;-;-;0,00;0;1,27;-160,24;1,40;12,81;30/09/2023;Sim;https://www.rad.cvm.gov.br/enet/frmGerenciaPaginaFRE.aspx?CodigoTipoInstituicao=1&NumeroSequencialDocumento=131960;8.556.400;7.759.905;796.495;7,2;6,89;-0,43;-0,11;-36.782;-0,171554759;21,60722369;31,72;-0,50;1.126.377;26,7;1.214,38
58;Cyrela Realt;ON;Bovespa;Ação;ativo;CYRE3;0,28;Novo Mercado;Construção civil;14/12/2023;9.114.330;4.737.138;4.377.192;12.145.905;24,31;25,32953773;95,97;11/08/2023;272.057;125.838;216,20;33.114;17.760;186,45;2,75;1,68;17,50;11,27;104,27;78,15;-6,10;-20,27;112,41;62,79;95,36;76,12;38,73;4,02;25,11;-11,25;7;51,60;2,45;0,78;1,79;6,76;0,844698527;1,17;10,14;1,55;10,58;30/09/2023;Sim;https://www.rad.cvm.gov.br/enet/frmGerenciaPaginaFRE.aspx?CodigoTipoInstituicao=1&NumeroSequencialDocumento=132037;4.926.016;2.273.987;2.652.029;21,1;1,98;12,83;5,99;901.981;2,398053641;20,75732221;32,09;17,26;1.147.843;19,4;-306,41
59;Carrefour BR;ON;Bovespa;Ação;ativo;CRFB3;0,28;Novo Mercado;Comércio e distribuição;14/12/2023;25.166.710;30.650.112;-5.483.402;43.550.710;11,94;16,23989974;73,52;31/01/2023;98.739;96.024;102,83;20.278;16.562;122,44;2,14;1,07;8,25;2,02;-16,99;-43,11;-33,59;-47,76;-26,39;-76,01;-18,17;-37,41;46,61;4,82;26,42;-25,22;6;46,40;-0,39;0,48;0,66;1,01;0,147777888;1,27;128,26;0,23;7,23;30/09/2023;Sim;https://www.rad.cvm.gov.br/enet/frmGerenciaPaginaFRE.aspx?CodigoTipoInstituicao=1&NumeroSequencialDocumento=131710;20.773.000;16.822.000;3.951.000;19,5;2,79;1,96;0,48;196.000;0,093095121;9,381977337;19,21;0,38;6.023.000;5,5;214,51
60;Bradespar;PN;Bovespa;Ação;ativo;BRAP4;0,27;Nível 1;Mineração;14/12/2023;9.284.313;11.114.023;-1.829.710;8.781.249;24,51;29,13916869;84,11;26/01/2023;91.545;82.221;111,34;10.389;9.541;108,89;0,57;-0,49;3,47;-2,76;-5,66;-31,78;46,05;31,89;241,78;192,16;-7,00;-26,23;26,94;2,79;16,97;-13,29;6;48,00;-0,51;0,54;0,69;10,83;3,192729942;1,20;4,54;-;4,27;30/09/2023;Sim;https://www.rad.cvm.gov.br/enet/frmGerenciaPaginaFRE.aspx?CodigoTipoInstituicao=1&NumeroSequencialDocumento=132254;0;-503.064;503.064;-;-0,24;26,76;26,09;2.121.614;5,397176778;20,41154982;-;-;2.056.491;-;-
61;Cogna ON;ON;Bovespa;Ação;ativo;COGN3;0,27;Novo Mercado;Diversos;14/12/2023;6.420.673;3.880.490;2.540.183;13.534.389;3,43;3,52;97,44;24/07/2023;104.650;63.551;164,67;31.907;16.337;195,30;1,78;0,72;18,28;12,04;65,70;39,58;-31,54;-45,70;-62,92;-112,54;61,79;42,56;46,45;4,83;41,67;-15,13;6;50,80;1,36;0,79;2,21;0,00;0;0,53;-21,47;1,13;9,52;30/09/2023;Sim;https://www.rad.cvm.gov.br/enet/frmGerenciaPaginaFRE.aspx?CodigoTipoInstituicao=1&NumeroSequencialDocumento=131917;7.373.545;6.077.436;1.296.109;7,4;4,27;-2,36;-1,24;-299.049;-0,159728825;6,455067504;64,83;-5,52;1.422.003;25,0;36,18
62;Petrorecsa;ON;Bovespa;Ação;ativo;RECV3;0,26;Novo Mercado;Petróleo gás e biocombustíveis;14/12/2023;6.242.074;8.391.614;-2.149.540;6.440.739;21,3;32,32550344;65,89;26/01/2023;115.623;63.518;182,03;19.841;11.617;170,79;1,91;0,85;13,71;7,48;-21,88;-48,00;-;-;-;-;-32,40;-51,63;46,77;4,73;19,93;-28,16;5;51,20;-0,51;-;-;3,45;0,990110394;1,41;6,70;2,15;4,53;30/09/2023;Sim;https://www.rad.cvm.gov.br/enet/frmGerenciaPaginaFRE.aspx?CodigoTipoInstituicao=1&NumeroSequencialDocumento=132127;919.560;198.665;720.895;98,7;0,14;22,98;13,47;930.890;3,179775161;15,11390707;37,04;32,08;1.422.294;49,0;110,83
63;Azul;PN;Bovespa;Ação;ativo;AZUL4;0,25;Nível 2;Transporte;14/12/2023;5.843.029;3.538.491;2.304.538;31.018.720;16,81;21,86;76,90;30/06/2023;237.863;188.961;125,88;19.685;16.046;122,68;-0,18;-1,24;0,48;-5,75;65,13;39,01;-57,49;-71,65;-49,60;-99,22;52,68;33,44;75,39;8,18;68,72;-39,83;5;43,20;1,21;0,61;2,23;0,00;0;-0,27;-4,78;0,32;6,71;30/09/2023;Sim;https://www.rad.cvm.gov.br/enet/frmGerenciaPaginaFRE.aspx?CodigoTipoInstituicao=1&NumeroSequencialDocumento=132979;26.575.083;25.175.691;1.399.392;8,4;5,44;-;-6,23;-1.221.566;-3,514363082;-61,2387504;21,10;-6,75;4.626.128;25,6;21,06
64;Iguatemi SA;UNT;Bovespa;Ação;ativo;IGTI11;0,23;Nível 1;Exploração de imóveis;14/12/2023;3.950.387;2.971.739;978.648;5.805.911;24,54;24,54;100,00;14/12/2023;139.187;71.928;193,51;20.019;16.849;118,81;2,08;1,02;15,70;9,47;44,45;18,33;-;-;-;-;35,24;16,00;30,16;3,11;15,05;-5,85;8;54,00;1,12;-;-;2,11;0,052290471;1,03;15,46;3,79;7,67;30/09/2023;Sim;https://www.rad.cvm.gov.br/enet/frmGerenciaPaginaFRE.aspx?CodigoTipoInstituicao=1&NumeroSequencialDocumento=131863;2.898.909;1.838.927;1.059.982;20,2;2,43;6,93;3,90;278.295;0,226744325;3,397903099;61,96;24,99;757.178;66,7;538,66
65;Cielo;ON;Bovespa;Ação;ativo;CIEL3;0,22;Novo Mercado;Serviços financeiros diversos;14/12/2023;12.083.465;12.339.845;-256.380;20.459.003;4,48;5,501817407;81,43;09/05/2023;93.854;118.315;79,33;34.029;22.327;152,41;-0,67;-1,73;13,71;7,47;4,63;-21,49;43,10;28,94;-37,28;-86,90;-10,12;-29,35;36,17;3,74;16,40;-19,75;6;51,60;-0,04;0,60;1,15;6,67;0,305703576;1,01;6,24;1,14;4,71;30/09/2023;Sim;https://www.rad.cvm.gov.br/enet/frmGerenciaPaginaFRE.aspx?CodigoTipoInstituicao=1&NumeroSequencialDocumento=131716;6.414.381;5.556.325;858.056;53,1;1,28;16,20;2,38;1.933.884;0,717493255;4,438202776;46,49;21,82;4.340.002;41,0;54,77
66;Braskem;PNA;Bovespa;Ação;ativo;BRKM5;0,20;Nível 1;Químicos;14/12/2023;13.773.280;20.309.979;-6.536.699;36.977.240;16,92;30,95;54,67;19/06/2023;115.087;88.055;130,70;16.324;11.355;143,76;-1,57;-2,63;-15,48;-21,72;-32,86;-58,98;-6,49;-20,65;-57,40;-107,02;-28,79;-48,02;48,88;5,20;24,04;-21,69;3;41,20;-0,66;0,46;1,03;0,00;0;2,68;-2,86;0,18;22,49;30/09/2023;Sim;https://www.rad.cvm.gov.br/enet/frmGerenciaPaginaFRE.aspx?CodigoTipoInstituicao=1&NumeroSequencialDocumento=131980;42.527.789;23.848.533;18.679.256;-8,5;14,51;-89,63;-5,46;-4.714.843;-5,919669863;6,304020643;2,65;-6,89;1.643.895;2,3;86,89
67;Usiminas;PNA;Bovespa;Ação;ativo;USIM5;0,20;Nível 1;Siderurgia e metalurgia;14/12/2023;10.410.562;9.528.060;882.502;13.395.336;8,72;8,72;100,00;14/12/2023;107.968;85.542;126,22;26.402;13.542;194,96;1,51;0,45;23,34;17,11;16,31;-9,81;-21,54;-35,70;14,19;-35,43;27,68;8,45;30,94;3,22;19,13;-19,93;7;50,40;0,25;0,60;1,21;4,18;0,328767264;0,46;-23,05;0,38;32,60;30/09/2023;Sim;https://www.rad.cvm.gov.br/enet/frmGerenciaPaginaFRE.aspx?CodigoTipoInstituicao=1&NumeroSequencialDocumento=131633;6.068.695;348.399;5.720.296;-9,8;0,85;-0,65;-0,43;-465.771;-0,378385619;19,04744044;8,47;-0,61;410.918;1,4;304,03
68;Raizen;PN;Bovespa;Ação;ativo;RAIZ4;0,19;Nível 2;Agropecuária;14/12/2023;37.690.319;34.462.871;3.227.448;79.937.456;3,65;4,532008064;80,54;29/06/2023;242.275;81.339;297,86;34.683;18.777;184,71;1,39;0,33;-2,41;-8,64;14,41;-11,71;-;-;-;-;2,18;-17,06;43,17;4,46;21,21;-12,74;5;48,80;0,25;-;-;4,12;0,137486784;1,71;11,12;0,17;4,08;30/09/2023;Sim;https://www.rad.cvm.gov.br/enet/frmGerenciaPaginaFRE.aspx?CodigoTipoInstituicao=1&NumeroSequencialDocumento=132374;48.102.448;41.519.132;6.583.316;23,1;2,12;15,61;2,88;3.388.072;0,32835734;2,137708746;7,99;1,58;19.590.948;8,8;133,17
69;Sao Martinho;ON;Bovespa;Ação;ativo;SMTO3;0,19;Novo Mercado;Alimentos processados;14/12/2023;10.384.324;8.063.612;2.320.713;17.911.401;29,98;40,73;73,61;18/09/2023;71.360;61.247;116,51;10.531;7.923;132,91;1,56;0,49;-13,58;-19,81;35,88;9,76;34,77;20,61;92,56;42,94;17,25;-1,99;36,96;3,81;16,21;-9,70;6;54,40;0,78;0,50;0,97;7,07;1,645615277;1,68;8,51;1,67;5,34;30/09/2023;Sim;https://www.rad.cvm.gov.br/enet/frmGerenciaPaginaFRE.aspx?CodigoTipoInstituicao=1&NumeroSequencialDocumento=132055;9.140.081;7.527.077;1.613.004;25,8;2,24;21,00;6,37;1.219.931;3,521994277;17,80538961;30,78;19,59;3.355.743;53,9;234,29
70;Irbbrasil Re;ON;Bovespa;Ação;ativo;IRBR3;0,19;Novo Mercado;Previdência e seguros;14/12/2023;4.051.223;1.718.701;2.332.522;-;49,5;54,06;91,56;05/12/2023;105.707;89.294;118,38;8.458;6.815;124,11;-3,19;-4,25;11,81;5,58;135,71;109,60;-77,55;-91,71;-92,67;-142,30;91,86;72,63;70,38;7,32;41,50;-27,75;7;53,20;2,38;0,58;2,04;0,00;0;0,97;107,67;-;-;30/09/2023;Sim;https://www.rad.cvm.gov.br/enet/frmGerenciaPaginaFRE.aspx?CodigoTipoInstituicao=1&NumeroSequencialDocumento=132169;-;-;-;-;-;0,91;0,17;37.626;0,45973452;50,94534361;-1,79;0,58;-;-;-
71;Arezzo Co;ON;Bovespa;Ação;ativo;ARZZ3;0,19;Novo Mercado;Comércio;14/12/2023;7.615.561;8.208.863;-593.302;8.082.409;68,69;86,08877699;79,79;02/02/2023;216.623;120.717;179,45;16.170;8.729;185,23;2,80;1,73;13,50;7,27;-4,09;-30,21;4,49;-9,67;45,63;-3,99;-9,61;-28,84;42,85;4,42;15,76;-14,87;5;48,80;-0,17;0,71;1,14;3,59;2,677641607;2,63;19,72;1,60;10,58;30/09/2023;Sim;https://www.rad.cvm.gov.br/enet/frmGerenciaPaginaFRE.aspx?CodigoTipoInstituicao=1&NumeroSequencialDocumento=131867;1.092.501;448.935;643.566;49,8;0,59;13,91;6,82;384.642;3,48334431;26,07957802;53,60;8,11;763.605;16,1;201,19
72;Vamos;ON;Bovespa;Ação;ativo;VAMO3;0,18;Novo Mercado;Diversos;14/12/2023;10.689.507;11.273.158;-583.652;19.441.411;9,75;14,73760308;66,16;02/02/2023;89.857;76.240;117,86;24.914;17.507;142,31;-0,41;-1,47;1,35;-4,88;-9,98;-36,10;-;-;-;-;-22,75;-41,98;48,47;5,02;17,88;-19,69;6;51,60;-0,22;-;-;2,52;0,278740701;2,19;15,66;1,68;7,55;30/09/2023;Sim;https://www.rad.cvm.gov.br/enet/frmGerenciaPaginaFRE.aspx?CodigoTipoInstituicao=1&NumeroSequencialDocumento=131733;10.415.300;8.751.904;1.663.396;19,8;3,40;15,13;3,36;645.802;0,622433895;4,449982287;44,40;10,72;2.573.962;42,7;57,82
73;MRV;ON;Bovespa;Ação;ativo;MRVE3;0,18;Novo Mercado;Construção civil;14/12/2023;6.086.135;3.672.563;2.413.572;13.777.819;10,83;14,14;76,59;26/07/2023;253.734;136.786;185,50;43.405;22.201;195,51;4,23;3,17;3,24;-2,99;42,50;16,38;-41,59;-55,76;29,00;-20,62;42,50;23,26;54,43;5,66;40,00;-22,68;7;45,20;0,85;0,69;1,45;0,00;0;0,89;-23,33;0,76;53,64;30/09/2023;Sim;https://www.rad.cvm.gov.br/enet/frmGerenciaPaginaFRE.aspx?CodigoTipoInstituicao=1&NumeroSequencialDocumento=131902;7.697.062;6.956.965;740.097;1,2;27,09;-2,78;-0,84;-232.429;-0,464141527;12,21168212;21,87;-2,83;256.835;3,6;783,74
74;SLC Agricola;ON;Bovespa;Ação;ativo;SLCE3;0,18;Novo Mercado;Agropecuária;14/12/2023;8.170.006;9.263.538;-1.093.532;11.918.892;18,56;22,45;82,67;04/08/2023;92.539;59.878;154,55;13.983;6.302;221,87;-3,66;-4,72;-4,08;-10,32;-2,47;-28,59;96,00;81,84;151,42;101,80;-7,39;-26,63;24,69;2,55;14,21;-7,86;4;51,20;-0,46;0,20;0,24;6,56;1,338151559;1,57;7,25;0,87;4,63;30/09/2023;Sim;https://www.rad.cvm.gov.br/enet/frmGerenciaPaginaFRE.aspx?CodigoTipoInstituicao=1&NumeroSequencialDocumento=131909;5.081.932;3.419.120;1.662.812;46,5;1,33;23,07;7,39;1.149.999;2,559660981;11,80634292;31,62;12,71;2.575.640;26,8;314,08
75;Grupo Soma;ON;Bovespa;Ação;ativo;SOMA3;0,16;Novo Mercado;Comércio;14/12/2023;5.556.011;7.196.133;-1.640.122;6.709.145;7,08;12,27;57,70;05/07/2023;112.844;104.178;108,32;21.802;23.545;92,60;0,57;-0,50;6,47;0,23;-21,85;-47,97;-45,42;-59,58;-;-;-29,32;-48,56;51,83;5,36;24,72;-33,36;6;48,40;-0,41;-;-;1,11;0,101442995;0,73;18,18;1,06;9,15;30/09/2023;Sim;https://www.rad.cvm.gov.br/enet/frmGerenciaPaginaFRE.aspx?CodigoTipoInstituicao=1&NumeroSequencialDocumento=131942;1.329.080;1.153.134;175.946;31,9;1,57;4,06;2,84;305.634;0,389468013;9,732747458;56,57;5,86;732.937;14,0;89,38
76;Marfrig;ON;Bovespa;Ação;ativo;MRFG3;0,13;Novo Mercado;Alimentos processados;14/12/2023;8.984.480;4.723.347;4.261.133;61.440.508;9,64;10,4;92,69;29/11/2023;67.114;82.638;81,21;13.700;13.911;98,49;-1,73;-2,80;22,03;15,79;53,12;27,01;-5,40;-19,56;134,37;84,75;11,44;-7,80;43,70;4,54;50,46;-17,27;4;49,20;1,12;0,40;0,85;12,70;0,909518;1,47;-6,55;0,05;9,04;30/09/2023;Sim;https://www.rad.cvm.gov.br/enet/frmGerenciaPaginaFRE.aspx?CodigoTipoInstituicao=1&NumeroSequencialDocumento=132395;55.695.316;32.153.080;23.542.236;0,1;4,73;-15,21;-3,14;-963.053;-1,471586874;6,539709343;9,79;-3,14;6.796.587;5,1;68,95
77;Locaweb;ON;Bovespa;Ação;ativo;LWSA3;0,12;Novo Mercado;Programas e serviços;14/12/2023;3.625.644;4.173.391;-547.746;2.588.680;6,15;9,54;64,47;15/06/2023;179.135;45.100;397,19;22.395;11.270;198,72;1,15;0,09;-1,13;-7,36;-12,37;-38,49;-63,02;-77,18;-;-;-11,62;-30,86;60,61;6,31;46,91;-23,71;5;47,20;-0,12;-;-;0,74;0,05242129;1,24;-371,52;2,91;13,80;30/09/2023;Sim;https://www.rad.cvm.gov.br/enet/frmGerenciaPaginaFRE.aspx?CodigoTipoInstituicao=1&NumeroSequencialDocumento=132030;70.052;-1.036.964;1.107.016;102,5;-5,53;-0,33;-0,22;-9.770;-0,016553506;4,955605012;45,39;-0,78;187.575;15,0;428,94
78;Dexco;ON;Bovespa;Ação;ativo;DXCO3;0,11;Novo Mercado;Madeira e papel;14/12/2023;6.545.950;5.405.729;1.140.222;11.107.732;8,1;9,51;85,17;07/08/2023;62.371;35.035;178,03;20.602;11.005;187,21;4,79;3,72;12,97;6,74;26,69;0,57;-41,75;-55,91;3,96;-45,66;19,47;0,23;45,39;4,69;50,25;-13,53;4;49,20;0,53;0,53;1,16;4,45;0,297469983;1,02;8,06;0,88;4,66;30/09/2023;Sim;https://www.rad.cvm.gov.br/enet/frmGerenciaPaginaFRE.aspx?CodigoTipoInstituicao=1&NumeroSequencialDocumento=131871;6.077.759;4.459.232;1.618.527;22,4;1,87;13,42;5,04;811.791;1,004740923;7,933722044;33,51;11,24;2.385.116;32,2;127,30
79;Alpargatas;PN;Bovespa;Ação;ativo;ALPA4;0,09;Nível 1;Tecidos vestuário e calçados;14/12/2023;6.312.776;8.759.311;-2.446.535;7.142.400;9,18;15,13;60,67;11/01/2023;48.000;37.437;128,22;17.799;10.363;171,76;-0,65;-1,71;-2,65;-8,88;-35,80;-61,92;-76,81;-90,97;-27,42;-77,04;-39,12;-58,36;55,36;5,68;40,89;-30,71;4;47,60;-0,62;0,50;1,01;0,00;0;1,15;-21,99;1,62;-32,25;30/09/2023;Sim;https://www.rad.cvm.gov.br/enet/frmGerenciaPaginaFRE.aspx?CodigoTipoInstituicao=1&NumeroSequencialDocumento=131940;1.522.713;828.537;694.176;-25,1;-;-5,02;-3,57;-281.584;-0,417468454;7,98414459;40,37;-7,37;-221.439;-5,8;263,73
80;Minerva;ON;Bovespa;Ação;ativo;BEEF3;0,09;Novo Mercado;Alimentos processados;14/12/2023;4.330.589;7.045.816;-2.715.228;13.779.323;7,38;14,62656888;50,46;20/01/2023;107.280;94.153;113,94;13.331;14.162;94,13;-0,27;-1,33;4,83;-1,40;-35,11;-61,23;-8,33;-22,49;80,70;31,07;-39,62;-58,85;44,36;4,47;19,53;-19,01;2;48,00;-0,86;0,43;0,88;4,57;0,550902256;6,90;11,83;0,16;5,37;30/09/2023;Sim;https://www.rad.cvm.gov.br/enet/frmGerenciaPaginaFRE.aspx?CodigoTipoInstituicao=1&NumeroSequencialDocumento=131908;19.421.731;8.964.437;10.457.294;10,5;3,50;39,12;1,35;365.074;0,623810456;1,070121582;19,88;1,27;2.564.231;9,3;645,08
81;Gol;PN;Bovespa;Ação;ativo;GOLL4;0,08;Nível 2;Transporte;14/12/2023;3.783.127;2.900.118;883.009;13.297.573;9,04;13,19;68,54;05/07/2023;77.142;83.579;92,30;12.383;9.809;126,24;1,92;0,85;-0,99;-7,22;30,45;4,33;-65,86;-80,02;-61,78;-111,40;23,16;3,93;68,18;7,17;58,29;-27,81;5;46,00;0,66;0,65;2,03;0,00;0;-0,17;35,57;0,20;2,97;30/09/2023;Sim;https://www.rad.cvm.gov.br/enet/frmGerenciaPaginaFRE.aspx?CodigoTipoInstituicao=1&NumeroSequencialDocumento=131777;10.419.375;9.514.446;904.929;26,8;2,12;-;0,62;106.357;0,254146175;-52,63957328;29,03;0,58;4.483.547;24,3;41,99
82;Cvc Brasil;ON;Bovespa;Ação;ativo;CVCB3;0,08;Novo Mercado;Viagens e lazer;14/12/2023;2.007.726;1.150.542;857.184;2.398.347;3,82;5,14;74,32;27/01/2023;110.941;72.169;153,72;18.363;13.529;135,73;-2,30;-3,37;21,66;15,42;-7,95;-34,07;-81,82;-95,98;-92,97;-142,59;-14,92;-34,16;80,43;8,39;24,26;-32,67;6;42,80;0,15;0,80;2,33;0,00;0;3,89;-2,57;0,98;20,61;30/09/2023;Sim;https://www.rad.cvm.gov.br/enet/frmGerenciaPaginaFRE.aspx?CodigoTipoInstituicao=1&NumeroSequencialDocumento=131771;756.601;390.621;365.980;-12,4;3,36;-112,41;-11,90;-479.179;-1,483980776;0,983145858;100,00;-37,97;116.392;9,2;78,43
83;Eztec;ON;Bovespa;Ação;ativo;EZTC3;0,08;Novo Mercado;Construção civil;14/12/2023;4.100.763;2.953.422;1.147.341;4.185.256;18,8;24,77129041;75,89;23/08/2023;51.101;42.893;119,14;10.092;8.740;115,47;1,90;0,83;7,68;1,45;40,45;14,33;-55,54;-69,70;1,18;-48,44;41,60;22,37;45,35;4,68;28,35;-23,65;6;50,80;0,83;0,70;1,41;1,51;0,204893972;0,89;21,79;3,88;25,21;30/09/2023;Sim;https://www.rad.cvm.gov.br/enet/frmGerenciaPaginaFRE.aspx?CodigoTipoInstituicao=1&NumeroSequencialDocumento=132039;806.467;18.513;787.954;17,8;0,11;4,21;3,32;188.180;0,862713552;21,08139911;29,18;18,37;166.025;15,7;192,04
84;Petz;ON;Bovespa;Ação;ativo;PETZ3;0,07;Novo Mercado;Comércio;14/12/2023;1.893.879;2.903.734;-1.009.855;1.878.543;4,2;7,63246811;55,03;26/05/2023;95.761;51.735;185,10;19.062;13.208;144,32;-4,98;-6,04;2,94;-3,29;-32,94;-59,06;-76,39;-90,56;-;-;-32,73;-51,96;56,34;5,86;17,50;-24,58;4;44,80;-0,54;-;-;0,44;0,027865322;1,05;60,58;0,62;4,14;30/09/2023;Sim;https://www.rad.cvm.gov.br/enet/frmGerenciaPaginaFRE.aspx?CodigoTipoInstituicao=1&NumeroSequencialDocumento=132128;456.429;-15.336;471.765;30,7;-0,03;1,76;0,81;32.038;0,069331777;3,995216599;46,61;1,02;454.136;14,5;95,09
85;Casas Bahia;ON;Bovespa;Ação;ativo;BHIA3;0,06;Novo Mercado;Comércio;14/12/2023;1.182.469;3.128.673;-1.946.204;8.194.469;0,5;2,66;18,80;15/06/2023;40.609;53.793;75,49;22.184;22.795;97,32;-5,66;-6,72;-3,85;-10,08;-74,75;-100,87;-97,03;-111,19;-88,51;-138,13;-79,17;-98,40;75,22;7,73;29,35;-50,39;3;45,20;-0,95;0,65;2,52;0,00;0;0,27;-0,45;0,03;8,53;30/09/2023;Sim;https://www.rad.cvm.gov.br/enet/frmGerenciaPaginaFRE.aspx?CodigoTipoInstituicao=1&NumeroSequencialDocumento=131962;8.654.000;7.012.000;1.642.000;-1,9;7,30;-35,98;-5,54;-1.788.000;-1,104871327;1,874890589;28,99;-5,91;961.000;3,2;51,77
86;P.Acucar-Cbd;ON;Bovespa;Ação;ativo;PCAR3;0,03;Novo Mercado;Comércio e distribuição;14/12/2023;1.090.715;4.712.314;-3.621.599;3.404.715;4,04;9,397528271;42,99;11/07/2023;25.085;35.192;71,28;8.322;10.154;81,96;-1,94;-3,01;6,60;0,36;-44,20;-70,31;-82,42;-96,58;-;-;-40,95;-60,19;57,26;5,89;25,42;-42,38;6;43,60;-0,74;0,40;0,81;0,00;0;0,22;-;-;-;30/09/2023;Sim;https://www.rad.cvm.gov.br/enet/frmGerenciaPaginaFRE.aspx?CodigoTipoInstituicao=1&NumeroSequencialDocumento=131681;6.051.000;2.311.000;3.740.000;-;-;-;-;-;-;18,57922283;-;-;-;-;-
